id,published_at,source,url,headline,body_text,tickers,entities,event_type,asset_classes,sectors,regions,confidence,urgency,why_it_matters,draft_note,hash,_llm_conf,severity,bullets
0eb97c242205de5d,2025-09-19T23:15:24Z,sec_edgar,https://www.sec.gov/Archives/edgar/data/1541119/000092708925000162/0000927089-25-000162-index.htm,"8-K - Sound Financial Bancorp, Inc. (0001541119) (Filer)","Filed: 2025-09-19 AccNo: 0000927089-25-000162 Size: 157 KB
Item 5.02: Departure of Directors or Certain Officers; Election of Directors; Appointment of Certain Officers: Compensatory Arrangements of Certain Officers
Item 9.01: Financial Statements and Exhibits",[],"['5.02', '9.01']",ceo_exit,['Equity'],[],['US'],1.0,high,Potential impact on covered names and sector sentiment; confirm details as they develop.,"8-K - Sound Financial Bancorp, Inc. (0001541119) (Filer) — https://www.sec.gov/Archives/edgar/data/1541119/000092708925000162/0000927089-25-000162-index.htm",0eb97c242205de5d,0.55,high,"['8-K - Sound Financial Bancorp, Inc. (0001541119) (Filer).', 'Event: ceo_exit · Severity: high', 'Tickers: n/a · Source: sec_edgar']"
b07314e4688276c5,2025-09-19T23:15:24Z,sec_edgar,https://www.sec.gov/Archives/edgar/data/1742927/000143774925029531/0001437749-25-029531-index.htm,"8-K - REVIVA PHARMACEUTICALS HOLDINGS, INC. (0001742927) (Filer)","Filed: 2025-09-19 AccNo: 0001437749-25-029531 Size: 836 KB
Item 1.01: Entry into a Material Definitive Agreement
Item 7.01: Regulation FD Disclosure
Item 9.01: Financial Statements and Exhibits",[],"['1.01', '7.01', '9.01']",mna,['Equity'],[],['US'],1.0,high,Potential impact on covered names and sector sentiment; confirm details as they develop.,"8-K - REVIVA PHARMACEUTICALS HOLDINGS, INC. (0001742927) (Filer) — https://www.sec.gov/Archives/edgar/data/1742927/000143774925029531/0001437749-25-029531-index.htm",b07314e4688276c5,0.55,high,"['8-K - REVIVA PHARMACEUTICALS HOLDINGS, INC. (0001742927) (Filer).', 'Event: mna · Severity: high', 'Tickers: n/a · Source: sec_edgar']"
eb8b73024f0d3cd4,2025-09-19T23:15:24Z,sec_edgar,https://www.sec.gov/Archives/edgar/data/1771995/000149315225014330/0001493152-25-014330-index.htm,8-K - American Picture House Corp (0001771995) (Filer),"Filed: 2025-09-19 AccNo: 0001493152-25-014330 Size: 43 MB
Item 1.01: Entry into a Material Definitive Agreement
Item 3.02: Unregistered Sales of Equity Securities
Item 9.01: Financial Statements and Exhibits",[],"['1.01', '3.02', '9.01']",mna,['Equity'],[],['US'],1.0,high,Potential impact on covered names and sector sentiment; confirm details as they develop.,8-K - American Picture House Corp (0001771995) (Filer) — https://www.sec.gov/Archives/edgar/data/1771995/000149315225014330/0001493152-25-014330-index.htm,eb8b73024f0d3cd4,0.55,high,"['8-K - American Picture House Corp (0001771995) (Filer).', 'Event: mna · Severity: high', 'Tickers: n/a · Source: sec_edgar']"
002b2f435bf960d4,2025-09-19T23:15:24Z,sec_edgar,https://www.sec.gov/Archives/edgar/data/1807046/000149315225014328/0001493152-25-014328-index.htm,"8-K - Belpointe PREP, LLC (0001807046) (Filer)","Filed: 2025-09-19 AccNo: 0001493152-25-014328 Size: 209 KB
Item 1.01: Entry into a Material Definitive Agreement",[],['1.01'],mna,['Equity'],[],['US'],1.0,high,Potential impact on covered names and sector sentiment; confirm details as they develop.,"8-K - Belpointe PREP, LLC (0001807046) (Filer) — https://www.sec.gov/Archives/edgar/data/1807046/000149315225014328/0001493152-25-014328-index.htm",002b2f435bf960d4,0.55,high,"['8-K - Belpointe PREP, LLC (0001807046) (Filer).', 'Event: mna · Severity: high', 'Tickers: n/a · Source: sec_edgar']"
059c379898d1fba1,2025-09-19T23:15:24Z,sec_edgar,https://www.sec.gov/Archives/edgar/data/1975940/000121390025089637/0001213900-25-089637-index.htm,"8-K - Fly-E Group, Inc. (0001975940) (Filer)","Filed: 2025-09-19 AccNo: 0001213900-25-089637 Size: 339 KB
Item 5.02: Departure of Directors or Certain Officers; Election of Directors; Appointment of Certain Officers: Compensatory Arrangements of Certain Officers
Item 9.01: Financial Statements and Exhibits",[],"['5.02', '9.01']",ceo_exit,['Equity'],[],['US'],1.0,high,Potential impact on covered names and sector sentiment; confirm details as they develop.,"8-K - Fly-E Group, Inc. (0001975940) (Filer) — https://www.sec.gov/Archives/edgar/data/1975940/000121390025089637/0001213900-25-089637-index.htm",059c379898d1fba1,0.55,high,"['8-K - Fly-E Group, Inc. (0001975940) (Filer).', 'Event: ceo_exit · Severity: high', 'Tickers: n/a · Source: sec_edgar']"
5531273020a0b880,2025-09-19T23:15:24Z,sec_edgar,https://www.sec.gov/Archives/edgar/data/737758/000162828025042217/0001628280-25-042217-index.htm,8-K - TORO CO (0000737758) (Filer),"Filed: 2025-09-19 AccNo: 0001628280-25-042217 Size: 196 KB
Item 5.02: Departure of Directors or Certain Officers; Election of Directors; Appointment of Certain Officers: Compensatory Arrangements of Certain Officers",[],['5.02'],ceo_exit,['Equity'],[],['US'],1.0,high,Potential impact on covered names and sector sentiment; confirm details as they develop.,8-K - TORO CO (0000737758) (Filer) — https://www.sec.gov/Archives/edgar/data/737758/000162828025042217/0001628280-25-042217-index.htm,5531273020a0b880,0.55,high,"['8-K - TORO CO (0000737758) (Filer).', 'Event: ceo_exit · Severity: high', 'Tickers: n/a · Source: sec_edgar']"
906946aefec69db1,2025-09-19T23:15:24Z,sec_edgar,https://www.sec.gov/Archives/edgar/data/2032379/000149315225014308/0001493152-25-014308-index.htm,8-K - Willow Lane Acquisition Corp. (0002032379) (Filer),"Filed: 2025-09-19 AccNo: 0001493152-25-014308 Size: 2 MB
Item 1.01: Entry into a Material Definitive Agreement
Item 9.01: Financial Statements and Exhibits",[],"['1.01', '9.01']",mna,['Equity'],[],['US'],1.0,high,Potential impact on covered names and sector sentiment; confirm details as they develop.,8-K - Willow Lane Acquisition Corp. (0002032379) (Filer) — https://www.sec.gov/Archives/edgar/data/2032379/000149315225014308/0001493152-25-014308-index.htm,906946aefec69db1,0.55,high,"['8-K - Willow Lane Acquisition Corp. (0002032379) (Filer).', 'Event: mna · Severity: high', 'Tickers: n/a · Source: sec_edgar']"
016414a1f19c9aa7,2025-09-19T23:15:24Z,sec_edgar,https://www.sec.gov/Archives/edgar/data/1876042/000187604225000014/0001876042-25-000014-index.htm,"8-K - Circle Internet Group, Inc. (0001876042) (Filer)","Filed: 2025-09-19 AccNo: 0001876042-25-000014 Size: 137 KB
Item 5.02: Departure of Directors or Certain Officers; Election of Directors; Appointment of Certain Officers: Compensatory Arrangements of Certain Officers
Item 9.01: Financial Statements and Exhibits",[],"['5.02', '9.01']",ceo_exit,['Equity'],[],['US'],1.0,high,Potential impact on covered names and sector sentiment; confirm details as they develop.,"8-K - Circle Internet Group, Inc. (0001876042) (Filer) — https://www.sec.gov/Archives/edgar/data/1876042/000187604225000014/0001876042-25-000014-index.htm",016414a1f19c9aa7,0.55,high,"['8-K - Circle Internet Group, Inc. (0001876042) (Filer).', 'Event: ceo_exit · Severity: high', 'Tickers: n/a · Source: sec_edgar']"
621e39039c38ebc1,2025-09-19T23:15:24Z,sec_edgar,https://www.sec.gov/Archives/edgar/data/1817713/000119312525209259/0001193125-25-209259-index.htm,"8-K - Janux Therapeutics, Inc. (0001817713) (Filer)","Filed: 2025-09-19 AccNo: 0001193125-25-209259 Size: 153 KB
Item 5.02: Departure of Directors or Certain Officers; Election of Directors; Appointment of Certain Officers: Compensatory Arrangements of Certain Officers",[],['5.02'],ceo_exit,['Equity'],[],['US'],1.0,high,Potential impact on covered names and sector sentiment; confirm details as they develop.,"8-K - Janux Therapeutics, Inc. (0001817713) (Filer) — https://www.sec.gov/Archives/edgar/data/1817713/000119312525209259/0001193125-25-209259-index.htm",621e39039c38ebc1,0.55,high,"['8-K - Janux Therapeutics, Inc. (0001817713) (Filer).', 'Event: ceo_exit · Severity: high', 'Tickers: n/a · Source: sec_edgar']"
886adea77c6e5dce,2025-09-19T23:15:24Z,sec_edgar,https://www.sec.gov/Archives/edgar/data/1771995/000149315225014301/0001493152-25-014301-index.htm,8-K - American Picture House Corp (0001771995) (Filer),"Filed: 2025-09-19 AccNo: 0001493152-25-014301 Size: 190 KB
Item 5.02: Departure of Directors or Certain Officers; Election of Directors; Appointment of Certain Officers: Compensatory Arrangements of Certain Officers",[],['5.02'],ceo_exit,['Equity'],[],['US'],1.0,high,Potential impact on covered names and sector sentiment; confirm details as they develop.,8-K - American Picture House Corp (0001771995) (Filer) — https://www.sec.gov/Archives/edgar/data/1771995/000149315225014301/0001493152-25-014301-index.htm,886adea77c6e5dce,0.55,high,"['8-K - American Picture House Corp (0001771995) (Filer).', 'Event: ceo_exit · Severity: high', 'Tickers: n/a · Source: sec_edgar']"
e67fc5b4d895453d,2025-09-19T23:15:24Z,sec_edgar,https://www.sec.gov/Archives/edgar/data/1854795/000121390025089622/0001213900-25-089622-index.htm,8-K - INTEGRATED RAIL & RESOURCES ACQUISITION CORP (0001854795) (Filer),"Filed: 2025-09-19 AccNo: 0001213900-25-089622 Size: 318 KB
Item 1.01: Entry into a Material Definitive Agreement
Item 9.01: Financial Statements and Exhibits",[],"['1.01', '9.01']",mna,['Equity'],[],['US'],1.0,high,Potential impact on covered names and sector sentiment; confirm details as they develop.,8-K - INTEGRATED RAIL & RESOURCES ACQUISITION CORP (0001854795) (Filer) — https://www.sec.gov/Archives/edgar/data/1854795/000121390025089622/0001213900-25-089622-index.htm,e67fc5b4d895453d,0.55,high,"['8-K - INTEGRATED RAIL & RESOURCES ACQUISITION CORP (0001854795) (Filer).', 'Event: mna · Severity: high', 'Tickers: n/a · Source: sec_edgar']"
85e8946ba43772e9,2025-09-19T23:15:24Z,sec_edgar,https://www.sec.gov/Archives/edgar/data/1812727/000149315225014298/0001493152-25-014298-index.htm,"8-K - Reliance Global Group, Inc. (0001812727) (Filer)","Filed: 2025-09-19 AccNo: 0001493152-25-014298 Size: 342 KB
Item 1.01: Entry into a Material Definitive Agreement
Item 3.02: Unregistered Sales of Equity Securities
Item 7.01: Regulation FD Disclosure
Item 9.01: Financial Statements and Exhibits",[],"['1.01', '3.02', '7.01', '9.01']",mna,[],[],[],1.0,high,Potential impact on covered names and sector sentiment; confirm details as they develop.,"8-K - Reliance Global Group, Inc. (0001812727) (Filer) — https://www.sec.gov/Archives/edgar/data/1812727/000149315225014298/0001493152-25-014298-index.htm",85e8946ba43772e9,,high,"['8-K - Reliance Global Group, Inc. (0001812727) (Filer).', 'Event: mna · Severity: high', 'Tickers: n/a · Source: sec_edgar']"
a5732534662c6fb0,2025-09-19T23:15:24Z,sec_edgar,https://www.sec.gov/Archives/edgar/data/1026214/000102621425000107/0001026214-25-000107-index.htm,8-K - FEDERAL HOME LOAN MORTGAGE CORP (0001026214) (Filer),"Filed: 2025-09-19 AccNo: 0001026214-25-000107 Size: 136 KB
Item 5.02: Departure of Directors or Certain Officers; Election of Directors; Appointment of Certain Officers: Compensatory Arrangements of Certain Officers
Item 9.01: Financial Statements and Exhibits",[],"['5.02', '9.01']",ceo_exit,[],[],[],1.0,high,Potential impact on covered names and sector sentiment; confirm details as they develop.,8-K - FEDERAL HOME LOAN MORTGAGE CORP (0001026214) (Filer) — https://www.sec.gov/Archives/edgar/data/1026214/000102621425000107/0001026214-25-000107-index.htm,a5732534662c6fb0,,high,"['8-K - FEDERAL HOME LOAN MORTGAGE CORP (0001026214) (Filer).', 'Event: ceo_exit · Severity: high', 'Tickers: n/a · Source: sec_edgar']"
6cdc77624d235da8,2025-09-19T23:15:24Z,sec_edgar,https://www.sec.gov/Archives/edgar/data/1851484/000121390025089615/0001213900-25-089615-index.htm,"8-K - CITIUS ONCOLOGY, INC. (0001851484) (Filer)","Filed: 2025-09-19 AccNo: 0001213900-25-089615 Size: 201 KB
Item 3.02: Unregistered Sales of Equity Securities
Item 5.02: Departure of Directors or Certain Officers; Election of Directors; Appointment of Certain Officers: Compensatory Arrangements of Certain Officers
Item 9.01: Financial Statements and Exhibits",[],"['3.02', '5.02', '9.01']",ceo_exit,[],[],[],1.0,high,Potential impact on covered names and sector sentiment; confirm details as they develop.,"8-K - CITIUS ONCOLOGY, INC. (0001851484) (Filer) — https://www.sec.gov/Archives/edgar/data/1851484/000121390025089615/0001213900-25-089615-index.htm",6cdc77624d235da8,,high,"['8-K - CITIUS ONCOLOGY, INC. (0001851484) (Filer).', 'Event: ceo_exit · Severity: high', 'Tickers: n/a · Source: sec_edgar']"
af7375e4ebdd258a,2025-09-19T23:15:24Z,sec_edgar,https://www.sec.gov/Archives/edgar/data/310142/000114036125035597/0001140361-25-035597-index.htm,8-K - SENSIENT TECHNOLOGIES CORP (0000310142) (Filer),"Filed: 2025-09-19 AccNo: 0001140361-25-035597 Size: 152 KB
Item 5.02: Departure of Directors or Certain Officers; Election of Directors; Appointment of Certain Officers: Compensatory Arrangements of Certain Officers",[],['5.02'],ceo_exit,[],[],[],1.0,high,Potential impact on covered names and sector sentiment; confirm details as they develop.,8-K - SENSIENT TECHNOLOGIES CORP (0000310142) (Filer) — https://www.sec.gov/Archives/edgar/data/310142/000114036125035597/0001140361-25-035597-index.htm,af7375e4ebdd258a,,high,"['8-K - SENSIENT TECHNOLOGIES CORP (0000310142) (Filer).', 'Event: ceo_exit · Severity: high', 'Tickers: n/a · Source: sec_edgar']"
359a87e9e36600a9,2025-09-19T23:15:24Z,sec_edgar,https://www.sec.gov/Archives/edgar/data/1891101/000189110125000025/0001891101-25-000025-index.htm,8-K/A - BRC Inc. (0001891101) (Filer),"Filed: 2025-09-19 AccNo: 0001891101-25-000025 Size: 156 KB
Item 5.02: Departure of Directors or Certain Officers; Election of Directors; Appointment of Certain Officers: Compensatory Arrangements of Certain Officers
Item 9.01: Financial Statements and Exhibits",[],"['5.02', '9.01']",ceo_exit,[],[],[],1.0,high,Potential impact on covered names and sector sentiment; confirm details as they develop.,8-K/A - BRC Inc. (0001891101) (Filer) — https://www.sec.gov/Archives/edgar/data/1891101/000189110125000025/0001891101-25-000025-index.htm,359a87e9e36600a9,,high,"['8-K/A - BRC Inc. (0001891101) (Filer).', 'Event: ceo_exit · Severity: high', 'Tickers: n/a · Source: sec_edgar']"
36866aab32e4c7aa,2025-09-19T23:15:24Z,sec_edgar,https://www.sec.gov/Archives/edgar/data/1855485/000149315225014293/0001493152-25-014293-index.htm,"8-K - Calidi Biotherapeutics, Inc. (0001855485) (Filer)","Filed: 2025-09-19 AccNo: 0001493152-25-014293 Size: 376 KB
Item 1.01: Entry into a Material Definitive Agreement
Item 5.02: Departure of Directors or Certain Officers; Election of Directors; Appointment of Certain Officers: Compensatory Arrangements of Certain Officers
Item 9.01: Financial Statements and Exhibits",[],"['1.01', '5.02', '9.01']",mna,[],[],[],1.0,high,Potential impact on covered names and sector sentiment; confirm details as they develop.,"8-K - Calidi Biotherapeutics, Inc. (0001855485) (Filer) — https://www.sec.gov/Archives/edgar/data/1855485/000149315225014293/0001493152-25-014293-index.htm",36866aab32e4c7aa,,high,"['8-K - Calidi Biotherapeutics, Inc. (0001855485) (Filer).', 'Event: mna · Severity: high', 'Tickers: n/a · Source: sec_edgar']"
8703bdbfba3421fd,2025-09-19T23:15:24Z,sec_edgar,https://www.sec.gov/Archives/edgar/data/789570/000078957025000041/0000789570-25-000041-index.htm,8-K - MGM Resorts International (0000789570) (Filer),"Filed: 2025-09-19 AccNo: 0000789570-25-000041 Size: 564 KB
Item 5.02: Departure of Directors or Certain Officers; Election of Directors; Appointment of Certain Officers: Compensatory Arrangements of Certain Officers
Item 9.01: Financial Statements and Exhibits",[],"['5.02', '9.01']",ceo_exit,[],[],[],1.0,high,Potential impact on covered names and sector sentiment; confirm details as they develop.,8-K - MGM Resorts International (0000789570) (Filer) — https://www.sec.gov/Archives/edgar/data/789570/000078957025000041/0000789570-25-000041-index.htm,8703bdbfba3421fd,,high,"['8-K - MGM Resorts International (0000789570) (Filer).', 'Event: ceo_exit · Severity: high', 'Tickers: n/a · Source: sec_edgar']"
aae0c2b83c2f65b4,2025-09-19T23:15:24Z,sec_edgar,https://www.sec.gov/Archives/edgar/data/1463208/000149315225014291/0001493152-25-014291-index.htm,"8-K - Transportation & Logistics Systems, Inc. (0001463208) (Filer)","Filed: 2025-09-19 AccNo: 0001493152-25-014291 Size: 360 KB
Item 1.01: Entry into a Material Definitive Agreement
Item 3.02: Unregistered Sales of Equity Securities
Item 9.01: Financial Statements and Exhibits",[],"['1.01', '3.02', '9.01']",mna,[],[],[],1.0,high,Potential impact on covered names and sector sentiment; confirm details as they develop.,"8-K - Transportation & Logistics Systems, Inc. (0001463208) (Filer) — https://www.sec.gov/Archives/edgar/data/1463208/000149315225014291/0001493152-25-014291-index.htm",aae0c2b83c2f65b4,,high,"['8-K - Transportation & Logistics Systems, Inc. (0001463208) (Filer).', 'Event: mna · Severity: high', 'Tickers: n/a · Source: sec_edgar']"
1aab87c481d4b786,2025-09-19T23:15:24Z,sec_edgar,https://www.sec.gov/Archives/edgar/data/1527702/000166357725000284/0001663577-25-000284-index.htm,8-K - iQSTEL Inc (0001527702) (Filer),"Filed: 2025-09-19 AccNo: 0001663577-25-000284 Size: 205 KB
Item 2.02: Results of Operations and Financial Condition
Item 9.01: Financial Statements and Exhibits",[],"['2.02', '9.01']",earnings_surprise,[],[],[],1.0,high,Potential impact on covered names and sector sentiment; confirm details as they develop.,8-K - iQSTEL Inc (0001527702) (Filer) — https://www.sec.gov/Archives/edgar/data/1527702/000166357725000284/0001663577-25-000284-index.htm,1aab87c481d4b786,,high,"['8-K - iQSTEL Inc (0001527702) (Filer).', 'Event: earnings_surprise · Severity: high', 'Tickers: n/a · Source: sec_edgar']"
0e789dcd7857c39b,2025-09-19T23:15:24Z,sec_edgar,https://www.sec.gov/Archives/edgar/data/1941360/000168316825007155/0001683168-25-007155-index.htm,8-K - Neolara Corp. (0001941360) (Filer),"Filed: 2025-09-19 AccNo: 0001683168-25-007155 Size: 192 KB
Item 5.01: Changes in Control of Registrant
Item 5.02: Departure of Directors or Certain Officers; Election of Directors; Appointment of Certain Officers: Compensatory Arrangements of Certain Officers",[],"['5.01', '5.02']",ceo_exit,[],[],[],1.0,high,,,0e789dcd7857c39b,,high,
33966a38cf4e9b42,2025-09-19T23:15:24Z,sec_edgar,https://www.sec.gov/Archives/edgar/data/1721484/000121390025089595/0001213900-25-089595-index.htm,8-K - Longeveron Inc. (0001721484) (Filer),"Filed: 2025-09-19 AccNo: 0001213900-25-089595 Size: 518 KB
Item 1.01: Entry into a Material Definitive Agreement
Item 9.01: Financial Statements and Exhibits",[],"['1.01', '9.01']",mna,[],[],[],1.0,high,,,33966a38cf4e9b42,,high,
9306c1d127245acf,2025-09-19T23:15:24Z,sec_edgar,https://www.sec.gov/Archives/edgar/data/1918661/000121390025089590/0001213900-25-089590-index.htm,8-K - ESH Acquisition Corp. (0001918661) (Filer),"Filed: 2025-09-19 AccNo: 0001213900-25-089590 Size: 1 MB
Item 1.01: Entry into a Material Definitive Agreement
Item 9.01: Financial Statements and Exhibits",[],"['1.01', '9.01']",mna,[],[],[],1.0,high,,,9306c1d127245acf,,high,
eab454a79966d4dc,2025-09-19T23:15:24Z,sec_edgar,https://www.sec.gov/Archives/edgar/data/1597672/000159767225000041/0001597672-25-000041-index.htm,8-K - RAYONIER ADVANCED MATERIALS INC. (0001597672) (Filer),"Filed: 2025-09-19 AccNo: 0001597672-25-000041 Size: 202 KB
Item 5.02: Departure of Directors or Certain Officers; Election of Directors; Appointment of Certain Officers: Compensatory Arrangements of Certain Officers",[],['5.02'],ceo_exit,[],[],[],1.0,high,,,eab454a79966d4dc,,high,
faf7e9a986881a37,2025-09-19T23:15:24Z,sec_edgar,https://www.sec.gov/Archives/edgar/data/1788028/000121390025089584/0001213900-25-089584-index.htm,"8-K - Jasper Therapeutics, Inc. (0001788028) (Filer)","Filed: 2025-09-19 AccNo: 0001213900-25-089584 Size: 951 KB
Item 1.01: Entry into a Material Definitive Agreement
Item 8.01: Other Events
Item 9.01: Financial Statements and Exhibits",[],"['1.01', '8.01', '9.01']",mna,[],[],[],1.0,high,,,faf7e9a986881a37,,high,
a3fe1392ef699426,2025-09-19T23:15:24Z,sec_edgar,https://www.sec.gov/Archives/edgar/data/1771995/000149315225014274/0001493152-25-014274-index.htm,8-K/A - American Picture House Corp (0001771995) (Filer),"Filed: 2025-09-19 AccNo: 0001493152-25-014274 Size: 192 KB
Item 5.02: Departure of Directors or Certain Officers; Election of Directors; Appointment of Certain Officers: Compensatory Arrangements of Certain Officers",[],['5.02'],ceo_exit,[],[],[],1.0,high,,,a3fe1392ef699426,,high,
4ca613e446bc8ebf,2025-09-19T23:15:24Z,sec_edgar,https://www.sec.gov/Archives/edgar/data/101594/000143774925029515/0001437749-25-029515-index.htm,8-K - US ENERGY CORP (0000101594) (Filer),"Filed: 2025-09-19 AccNo: 0001437749-25-029515 Size: 255 KB
Item 1.01: Entry into a Material Definitive Agreement
Item 9.01: Financial Statements and Exhibits",[],"['1.01', '9.01']",mna,[],[],[],1.0,high,,,4ca613e446bc8ebf,,high,
d9372b207874a451,2025-09-19T23:15:24Z,sec_edgar,https://www.sec.gov/Archives/edgar/data/1980088/000121390025089573/0001213900-25-089573-index.htm,8-K/A - MACH NATURAL RESOURCES LP (0001980088) (Filer),"Filed: 2025-09-19 AccNo: 0001213900-25-089573 Size: 2 MB
Item 2.01: Completion of Acquisition or Disposition of Assets
Item 9.01: Financial Statements and Exhibits",[],"['2.01', '9.01']",mna,[],[],[],1.0,high,,,d9372b207874a451,,high,
599a7563ed585d4a,2025-09-19T23:15:24Z,sec_edgar,https://www.sec.gov/Archives/edgar/data/12659/000001265925000006/0000012659-25-000006-index.htm,8-K/A - H&R BLOCK INC (0000012659) (Filer),"Filed: 2025-09-19 AccNo: 0000012659-25-000006 Size: 137 KB
Item 5.02: Departure of Directors or Certain Officers; Election of Directors; Appointment of Certain Officers: Compensatory Arrangements of Certain Officers",[],['5.02'],ceo_exit,[],[],[],1.0,high,,,599a7563ed585d4a,,high,
cf225e026e7b9825,2025-09-19T23:15:24Z,sec_edgar,https://www.sec.gov/Archives/edgar/data/1057877/000105787725000072/0001057877-25-000072-index.htm,8-K - IDACORP INC (0001057877) (Filer),"Filed: 2025-09-19 AccNo: 0001057877-25-000072 Size: 9 MB
Item 5.02: Departure of Directors or Certain Officers; Election of Directors; Appointment of Certain Officers: Compensatory Arrangements of Certain Officers
Item 7.01: Regulation FD Disclosure
Item 9.01: Financial Statements and Exhibits",[],"['5.02', '7.01', '9.01']",ceo_exit,[],[],[],1.0,high,,,cf225e026e7b9825,,high,
9a4abe1533c60fa9,2025-09-19T23:15:24Z,sec_edgar,https://www.sec.gov/Archives/edgar/data/49648/000105787725000072/0001057877-25-000072-index.htm,8-K - IDAHO POWER CO (0000049648) (Filer),"Filed: 2025-09-19 AccNo: 0001057877-25-000072 Size: 9 MB
Item 5.02: Departure of Directors or Certain Officers; Election of Directors; Appointment of Certain Officers: Compensatory Arrangements of Certain Officers
Item 7.01: Regulation FD Disclosure
Item 9.01: Financial Statements and Exhibits",[],"['5.02', '7.01', '9.01']",ceo_exit,[],[],[],1.0,high,,,9a4abe1533c60fa9,,high,
9514c49565ab84fc,2025-09-19T23:15:24Z,sec_edgar,https://www.sec.gov/Archives/edgar/data/1828805/000121390025089569/0001213900-25-089569-index.htm,"8-K - Aeluma, Inc. (0001828805) (Filer)","Filed: 2025-09-19 AccNo: 0001213900-25-089569 Size: 568 KB
Item 1.01: Entry into a Material Definitive Agreement
Item 7.01: Regulation FD Disclosure
Item 9.01: Financial Statements and Exhibits",[],"['1.01', '7.01', '9.01']",mna,[],[],[],1.0,high,,,9514c49565ab84fc,,high,
ff80a03fe7fd50b5,2025-09-19T23:15:24Z,sec_edgar,https://www.sec.gov/Archives/edgar/data/1157408/000110465925091691/0001104659-25-091691-index.htm,"8-K - Stride, Inc. (0001157408) (Filer)","Filed: 2025-09-19 AccNo: 0001104659-25-091691 Size: 188 KB
Item 5.02: Departure of Directors or Certain Officers; Election of Directors; Appointment of Certain Officers: Compensatory Arrangements of Certain Officers",[],['5.02'],ceo_exit,[],[],[],1.0,high,,,ff80a03fe7fd50b5,,high,
1a449dd472d34718,2025-09-19T23:15:24Z,sec_edgar,https://www.sec.gov/Archives/edgar/data/883975/000149315225014263/0001493152-25-014263-index.htm,8-K - Microbot Medical Inc. (0000883975) (Filer),"Filed: 2025-09-19 AccNo: 0001493152-25-014263 Size: 202 KB
Item 5.02: Departure of Directors or Certain Officers; Election of Directors; Appointment of Certain Officers: Compensatory Arrangements of Certain Officers",[],['5.02'],ceo_exit,[],[],[],1.0,high,,,1a449dd472d34718,,high,
b58f0f5c87323212,2025-09-19T23:15:24Z,sec_edgar,https://www.sec.gov/Archives/edgar/data/1556593/000114036125035580/0001140361-25-035580-index.htm,8-K - Rithm Capital Corp. (0001556593) (Filer),"Filed: 2025-09-19 AccNo: 0001140361-25-035580 Size: 540 KB
Item 1.01: Entry into a Material Definitive Agreement
Item 9.01: Financial Statements and Exhibits",[],"['1.01', '9.01']",mna,[],[],[],1.0,high,,,b58f0f5c87323212,,high,
4fc706d616273047,2025-09-19T23:15:24Z,sec_edgar,https://www.sec.gov/Archives/edgar/data/946581/000162828025042186/0001628280-25-042186-index.htm,8-K - TAKE TWO INTERACTIVE SOFTWARE INC (0000946581) (Filer),"Filed: 2025-09-19 AccNo: 0001628280-25-042186 Size: 182 KB
Item 5.02: Departure of Directors or Certain Officers; Election of Directors; Appointment of Certain Officers: Compensatory Arrangements of Certain Officers
Item 5.07: Submission of Matters to a Vote of Security Holders
Item 9.01: Financial Statements and Exhibits",[],"['5.02', '5.07', '9.01']",ceo_exit,[],[],[],1.0,high,,,4fc706d616273047,,high,
4caec27c6d0ffca5,2025-09-19T23:15:24Z,sec_edgar,https://www.sec.gov/Archives/edgar/data/2032019/000119312525209155/0001193125-25-209155-index.htm,8-K - EQT Infrastructure Co LLC (0002032019) (Filer),"Filed: 2025-09-19 AccNo: 0001193125-25-209155 Size: 171 KB
Item 5.02: Departure of Directors or Certain Officers; Election of Directors; Appointment of Certain Officers: Compensatory Arrangements of Certain Officers
Item 5.07: Submission of Matters to a Vote of Security Holders",[],"['5.02', '5.07']",ceo_exit,[],[],[],1.0,high,,,4caec27c6d0ffca5,,high,
252bf12d8414e386,2025-09-19T23:15:24Z,sec_edgar,https://www.sec.gov/Archives/edgar/data/1465740/000110465925091684/0001104659-25-091684-index.htm,8-K - TWO HARBORS INVESTMENT CORP. (0001465740) (Filer),"Filed: 2025-09-19 AccNo: 0001104659-25-091684 Size: 804 KB
Item 1.01: Entry into a Material Definitive Agreement
Item 9.01: Financial Statements and Exhibits",[],"['1.01', '9.01']",mna,[],[],[],1.0,high,,,252bf12d8414e386,,high,
677d43ae4f10c06e,2025-09-19T23:15:24Z,sec_edgar,https://www.sec.gov/Archives/edgar/data/818479/000081847925000174/0000818479-25-000174-index.htm,8-K - DENTSPLY SIRONA Inc. (0000818479) (Filer),"Filed: 2025-09-19 AccNo: 0000818479-25-000174 Size: 141 KB
Item 5.02: Departure of Directors or Certain Officers; Election of Directors; Appointment of Certain Officers: Compensatory Arrangements of Certain Officers",[],['5.02'],ceo_exit,[],[],[],1.0,high,,,677d43ae4f10c06e,,high,
77719b6fb9c4f360,2025-09-19T23:15:24Z,sec_edgar,https://www.sec.gov/Archives/edgar/data/1615222/000199937125013678/0001999371-25-013678-index.htm,"8-K - Moody National REIT II, Inc. (0001615222) (Filer)","Filed: 2025-09-19 AccNo: 0001999371-25-013678 Size: 193 KB
Item 1.01: Entry into a Material Definitive Agreement",[],['1.01'],mna,[],[],[],1.0,high,,,77719b6fb9c4f360,,high,
f588e7fe53196d3f,2025-09-19T23:15:24Z,sec_edgar,https://www.sec.gov/Archives/edgar/data/1561680/000156168025000096/0001561680-25-000096-index.htm,"8-K - Tri Pointe Homes, Inc. (0001561680) (Filer)","Filed: 2025-09-19 AccNo: 0001561680-25-000096 Size: 2 MB
Item 1.01: Entry into a Material Definitive Agreement
Item 2.03: Creation of a Direct Financial Obligation or an Obligation under an Off-Balance Sheet Arrangement of a Registrant
Item 9.01: Financial Statements and Exhibits",[],"['1.01', '2.03', '9.01']",mna,[],[],[],1.0,high,,,f588e7fe53196d3f,,high,
b058a20aceb9c5be,2025-09-19T23:15:24Z,sec_edgar,https://www.sec.gov/Archives/edgar/data/1032975/000103297525000068/0001032975-25-000068-index.htm,8-K - LOGITECH INTERNATIONAL S.A. (0001032975) (Filer),"Filed: 2025-09-19 AccNo: 0001032975-25-000068 Size: 150 KB
Item 5.02: Departure of Directors or Certain Officers; Election of Directors; Appointment of Certain Officers: Compensatory Arrangements of Certain Officers",[],['5.02'],ceo_exit,[],[],[],1.0,high,,,b058a20aceb9c5be,,high,
79880af4c3ea7bb0,2025-09-19T23:15:24Z,sec_edgar,https://www.sec.gov/Archives/edgar/data/1116132/000114036125035575/0001140361-25-035575-index.htm,"8-K - TAPESTRY, INC. (0001116132) (Filer)","Filed: 2025-09-19 AccNo: 0001140361-25-035575 Size: 151 KB
Item 5.02: Departure of Directors or Certain Officers; Election of Directors; Appointment of Certain Officers: Compensatory Arrangements of Certain Officers",[],['5.02'],ceo_exit,[],[],[],1.0,high,,,79880af4c3ea7bb0,,high,
258df934049e7107,2025-09-19T23:15:24Z,sec_edgar,https://www.sec.gov/Archives/edgar/data/1527166/000119312525209115/0001193125-25-209115-index.htm,8-K - Carlyle Group Inc. (0001527166) (Filer),"Filed: 2025-09-19 AccNo: 0001193125-25-209115 Size: 1 MB
Item 1.01: Entry into a Material Definitive Agreement
Item 2.03: Creation of a Direct Financial Obligation or an Obligation under an Off-Balance Sheet Arrangement of a Registrant
Item 8.01: Other Events
Item 9.01: Financial Statements and Exhibits",[],"['1.01', '2.03', '8.01', '9.01']",mna,[],[],[],1.0,high,,,258df934049e7107,,high,
64c38ed01c89bc6d,2025-09-19T23:15:24Z,sec_edgar,https://www.sec.gov/Archives/edgar/data/1690080/000121390025089546/0001213900-25-089546-index.htm,8-K - ETHZilla Corp (0001690080) (Filer),"Filed: 2025-09-19 AccNo: 0001213900-25-089546 Size: 395 KB
Item 5.02: Departure of Directors or Certain Officers; Election of Directors; Appointment of Certain Officers: Compensatory Arrangements of Certain Officers
Item 9.01: Financial Statements and Exhibits",[],"['5.02', '9.01']",ceo_exit,[],[],[],1.0,high,,,64c38ed01c89bc6d,,high,
5b004a88989ca0ad,2025-09-19T23:15:24Z,sec_edgar,https://www.sec.gov/Archives/edgar/data/1674227/000121390025089543/0001213900-25-089543-index.htm,8-K - SCWorx Corp. (0001674227) (Filer),"Filed: 2025-09-19 AccNo: 0001213900-25-089543 Size: 482 KB
Item 1.01: Entry into a Material Definitive Agreement
Item 3.02: Unregistered Sales of Equity Securities
Item 9.01: Financial Statements and Exhibits",[],"['1.01', '3.02', '9.01']",mna,[],[],[],1.0,high,,,5b004a88989ca0ad,,high,
985cb3a51a2642d1,2025-09-19T23:15:24Z,sec_edgar,https://www.sec.gov/Archives/edgar/data/6951/000119312525209109/0001193125-25-209109-index.htm,8-K - APPLIED MATERIALS INC /DE (0000006951) (Filer),"Filed: 2025-09-19 AccNo: 0001193125-25-209109 Size: 537 KB
Item 1.01: Entry into a Material Definitive Agreement
Item 8.01: Other Events
Item 9.01: Financial Statements and Exhibits",[],"['1.01', '8.01', '9.01']",mna,[],[],[],1.0,high,,,985cb3a51a2642d1,,high,
5b7f15c4d6e3171b,2025-09-19T23:15:24Z,sec_edgar,https://www.sec.gov/Archives/edgar/data/1100682/000095010325011896/0000950103-25-011896-index.htm,"8-K/A - CHARLES RIVER LABORATORIES INTERNATIONAL, INC. (0001100682) (Filer)","Filed: 2025-09-19 AccNo: 0000950103-25-011896 Size: 187 KB
Item 5.02: Departure of Directors or Certain Officers; Election of Directors; Appointment of Certain Officers: Compensatory Arrangements of Certain Officers",[],['5.02'],ceo_exit,[],[],[],1.0,high,,,5b7f15c4d6e3171b,,high,
e6d5c280c9d44e0c,2025-09-19T23:15:24Z,sec_edgar,https://www.sec.gov/Archives/edgar/data/1333493/000133349325000101/0001333493-25-000101-index.htm,"8-K - eHealth, Inc. (0001333493) (Filer)","Filed: 2025-09-19 AccNo: 0001333493-25-000101 Size: 141 KB
Item 5.02: Departure of Directors or Certain Officers; Election of Directors; Appointment of Certain Officers: Compensatory Arrangements of Certain Officers",[],['5.02'],ceo_exit,[],[],[],1.0,high,,,e6d5c280c9d44e0c,,high,
87b8cf6be07ef167,2025-09-19T23:15:24Z,sec_edgar,https://www.sec.gov/Archives/edgar/data/723612/000095014225002473/0000950142-25-002473-index.htm,"8-K - AVIS BUDGET GROUP, INC. (0000723612) (Filer)","Filed: 2025-09-19 AccNo: 0000950142-25-002473 Size: 1 MB
Item 1.01: Entry into a Material Definitive Agreement
Item 2.03: Creation of a Direct Financial Obligation or an Obligation under an Off-Balance Sheet Arrangement of a Registrant
Item 9.01: Financial Statements and Exhibits",[],"['1.01', '2.03', '9.01']",mna,[],[],[],1.0,high,,,87b8cf6be07ef167,,high,
90c946e768f2a24d,2025-09-19T23:15:24Z,sec_edgar,https://www.sec.gov/Archives/edgar/data/1356115/000143774925029491/0001437749-25-029491-index.htm,8-K - NEXPOINT DIVERSIFIED REAL ESTATE TRUST (0001356115) (Filer),"Filed: 2025-09-19 AccNo: 0001437749-25-029491 Size: 217 KB
Item 1.01: Entry into a Material Definitive Agreement
Item 9.01: Financial Statements and Exhibits",[],"['1.01', '9.01']",mna,[],[],[],1.0,high,,,90c946e768f2a24d,,high,
aab958e2cfe534cb,2025-09-19T23:15:24Z,sec_edgar,https://www.sec.gov/Archives/edgar/data/1506293/000150629325000218/0001506293-25-000218-index.htm,"8-K - PINTEREST, INC. (0001506293) (Filer)","Filed: 2025-09-19 AccNo: 0001506293-25-000218 Size: 152 KB
Item 5.02: Departure of Directors or Certain Officers; Election of Directors; Appointment of Certain Officers: Compensatory Arrangements of Certain Officers
Item 7.01: Regulation FD Disclosure",[],"['5.02', '7.01']",ceo_exit,[],[],[],1.0,high,,,aab958e2cfe534cb,,high,
de598896260b7dd0,2025-09-19T23:15:24Z,sec_edgar,https://www.sec.gov/Archives/edgar/data/1729997/000119312525209074/0001193125-25-209074-index.htm,8-K - Grayscale CoinDesk Crypto 5 ETF (0001729997) (Filer),"Filed: 2025-09-19 AccNo: 0001193125-25-209074 Size: 484 KB
Item 1.01: Entry into a Material Definitive Agreement
Item 1.02: Termination of a Material Definitive Agreement
Item 8.01: Other Events
Item 9.01: Financial Statements and Exhibits",[],"['1.01', '1.02', '8.01', '9.01']",mna,[],[],[],1.0,high,,,de598896260b7dd0,,high,
eb4fab71b73a8fd3,2025-09-19T23:15:24Z,sec_edgar,https://www.sec.gov/Archives/edgar/data/1750155/000175015525000064/0001750155-25-000064-index.htm,"8-K - Charlotte's Web Holdings, Inc. (0001750155) (Filer)","Filed: 2025-09-19 AccNo: 0001750155-25-000064 Size: 129 KB
Item 5.02: Departure of Directors or Certain Officers; Election of Directors; Appointment of Certain Officers: Compensatory Arrangements of Certain Officers",[],['5.02'],ceo_exit,[],[],[],1.0,high,,,eb4fab71b73a8fd3,,high,
c3b41dd3adeb530d,2025-09-19T23:15:24Z,sec_edgar,https://www.sec.gov/Archives/edgar/data/2083722/000119312525209071/0001193125-25-209071-index.htm,8-K - CarMax Select Receivables Trust 2025-B (0002083722) (Filer),"Filed: 2025-09-19 AccNo: 0001193125-25-209071 Size: 2 MB
Item 1.01: Entry into a Material Definitive Agreement
Item 8.01: Other Events
Item 9.01: Financial Statements and Exhibits",[],"['1.01', '8.01', '9.01']",mna,[],[],[],1.0,high,,,c3b41dd3adeb530d,,high,
ea9265246d2e258d,2025-09-19T23:15:24Z,sec_edgar,https://www.sec.gov/Archives/edgar/data/1259380/000119312525209071/0001193125-25-209071-index.htm,8-K - CARMAX AUTO FUNDING LLC (0001259380) (Filer),"Filed: 2025-09-19 AccNo: 0001193125-25-209071 Size: 2 MB
Item 1.01: Entry into a Material Definitive Agreement
Item 8.01: Other Events
Item 9.01: Financial Statements and Exhibits",[],"['1.01', '8.01', '9.01']",mna,[],[],[],1.0,high,,,ea9265246d2e258d,,high,
865e7af1034c837d,2025-09-19T23:15:24Z,sec_edgar,https://www.sec.gov/Archives/edgar/data/1822492/000182249225000192/0001822492-25-000192-index.htm,8-K - Hillman Solutions Corp. (0001822492) (Filer),"Filed: 2025-09-19 AccNo: 0001822492-25-000192 Size: 1 MB
Item 5.02: Departure of Directors or Certain Officers; Election of Directors; Appointment of Certain Officers: Compensatory Arrangements of Certain Officers
Item 9.01: Financial Statements and Exhibits",[],"['5.02', '9.01']",ceo_exit,[],[],[],1.0,high,,,865e7af1034c837d,,high,
35a29dcaeb01632a,2025-09-18T19:02:54Z,CNBC,https://www.cnbc.com/2025/09/18/crowdstrike-investor-day-stock.html,CrowdStrike pops 12% on upbeat long-term guidance at investor day,"The cybersecurity firm shared strong long-term guidance this week and announced plans to buy AI security company Pangea.

CrowdStrike shares popped more than 12%, a day after the cybersecurity firm issued better-than-expected long-term guidance at its investor day.
The company on Wednesday said it expects net new annua… [+614 chars]",['CRWD'],[],earnings_surprise,[],[],[],1.0,high,,,35a29dcaeb01632a,,high,
1902d460a5780381,2025-09-18T11:55:05Z,CNBC,https://www.cnbc.com/2025/09/18/deliveroo-founder-will-shu-to-step-down-as-ceo-after-doordash-takeover.html,Deliveroo founder Will Shu to step down as CEO after DoorDash takeover,"""I have decided that now is the right time for me to step down,"" Deliveroo CEO Will Shu said Thursday.

LONDON Deliveroo CEO Will Shu is set to step down from the food delivery company he co-founded over a decade ago.
Shu, who established Deliveroo in 2013 with childhood friend Greg Orlowski, said Thu… [+1171 chars]",['ROO'],[],mna,[],[],[],0.9,high,,,1902d460a5780381,,high,
108e8706ebc3b13d,2025-09-19T23:15:24Z,sec_edgar,https://www.sec.gov/Archives/edgar/data/1828805/000121390025089642/0001213900-25-089642-index.htm,"8-K - Aeluma, Inc. (0001828805) (Filer)","Filed: 2025-09-19 AccNo: 0001213900-25-089642 Size: 187 KB
Item 7.01: Regulation FD Disclosure",[],['7.01'],reg_fd,['Equity'],[],['US'],0.8500000000000001,med,,,108e8706ebc3b13d,0.55,high,
418ea64a0e6cfce6,2025-09-19T23:15:24Z,sec_edgar,https://www.sec.gov/Archives/edgar/data/1404912/000114036125035589/0001140361-25-035589-index.htm,8-K - KKR & Co. Inc. (0001404912) (Filer),"Filed: 2025-09-19 AccNo: 0001140361-25-035589 Size: 213 KB
Item 7.01: Regulation FD Disclosure",[],['7.01'],reg_fd,[],[],[],0.8500000000000001,med,,,418ea64a0e6cfce6,,high,
9b4da907ee1147ea,2025-09-19T23:15:24Z,sec_edgar,https://www.sec.gov/Archives/edgar/data/1435064/000149315225014279/0001493152-25-014279-index.htm,8-K - CEMTREX INC (0001435064) (Filer),"Filed: 2025-09-19 AccNo: 0001493152-25-014279 Size: 225 KB
Item 3.02: Unregistered Sales of Equity Securities",[],['3.02'],unregistered_sale,[],[],[],0.8500000000000001,med,,,9b4da907ee1147ea,,high,
4c3474fa203d2d3c,2025-09-19T23:15:24Z,sec_edgar,https://www.sec.gov/Archives/edgar/data/763744/000076374425000137/0000763744-25-000137-index.htm,8-K - LCI INDUSTRIES (0000763744) (Filer),"Filed: 2025-09-19 AccNo: 0000763744-25-000137 Size: 4 MB
Item 7.01: Regulation FD Disclosure
Item 9.01: Financial Statements and Exhibits",[],"['7.01', '9.01']",reg_fd,[],[],[],0.8500000000000001,med,,,4c3474fa203d2d3c,,high,
13354fc45323df82,2025-09-19T23:15:24Z,sec_edgar,https://www.sec.gov/Archives/edgar/data/1941029/000121390025089566/0001213900-25-089566-index.htm,8-K - Advanced Biomed Inc. (0001941029) (Filer),"Filed: 2025-09-19 AccNo: 0001213900-25-089566 Size: 239 KB
Item 7.01: Regulation FD Disclosure
Item 9.01: Financial Statements and Exhibits",[],"['7.01', '9.01']",reg_fd,[],[],[],0.8500000000000001,med,,,13354fc45323df82,,high,
65744cb356f7e3b8,2025-09-19T23:15:24Z,sec_edgar,https://www.sec.gov/Archives/edgar/data/1898604/000149315225014264/0001493152-25-014264-index.htm,8-K - Vestand Inc. (0001898604) (Filer),"Filed: 2025-09-19 AccNo: 0001493152-25-014264 Size: 250 KB
Item 7.01: Regulation FD Disclosure
Item 9.01: Financial Statements and Exhibits",[],"['7.01', '9.01']",reg_fd,[],[],[],0.8500000000000001,med,,,65744cb356f7e3b8,,high,
62a256185de531b4,2025-09-19T23:15:24Z,sec_edgar,https://www.sec.gov/Archives/edgar/data/1445942/000199937125013676/0001999371-25-013676-index.htm,8-K - Texas Mineral Resources Corp. (0001445942) (Filer),"Filed: 2025-09-19 AccNo: 0001999371-25-013676 Size: 178 KB
Item 3.02: Unregistered Sales of Equity Securities
Item 8.01: Other Events",[],"['3.02', '8.01']",unregistered_sale,[],[],[],0.8500000000000001,med,,,62a256185de531b4,,high,
c05cae4945c39e6d,2025-09-19T23:15:24Z,sec_edgar,https://www.sec.gov/Archives/edgar/data/1471727/000149315225014303/0001493152-25-014303-index.htm,"8-K - SRx Health Solutions, Inc. (0001471727) (Filer)","Filed: 2025-09-19 AccNo: 0001493152-25-014303 Size: 225 KB
Item 4.01: Changes in Registrant's Certifying Accountant
Item 8.01: Other Events
Item 9.01: Financial Statements and Exhibits",[],"['4.01', '8.01', '9.01']",auditor_change,['Equity'],[],['US'],0.75,high,,,c05cae4945c39e6d,0.55,med,
d2c1e9d62839eed4,2025-09-19T23:15:24Z,sec_edgar,https://www.sec.gov/Archives/edgar/data/1083220/000110465925091675/0001104659-25-091675-index.htm,"8-K - XCel Brands, Inc. (0001083220) (Filer)","Filed: 2025-09-19 AccNo: 0001104659-25-091675 Size: 162 KB
Item 4.01: Changes in Registrant's Certifying Accountant
Item 9.01: Financial Statements and Exhibits",[],"['4.01', '9.01']",auditor_change,[],[],[],0.75,high,,,d2c1e9d62839eed4,,med,
2f518641c6f042aa,2025-09-19T23:15:24Z,sec_edgar,https://www.sec.gov/Archives/edgar/data/1377789/000137778925000084/0001377789-25-000084-index.htm,"8-K - AVIAT NETWORKS, INC. (0001377789) (Filer)","Filed: 2025-09-19 AccNo: 0001377789-25-000084 Size: 190 KB
Item 4.01: Changes in Registrant's Certifying Accountant
Item 9.01: Financial Statements and Exhibits",[],"['4.01', '9.01']",auditor_change,[],[],[],0.75,high,,,2f518641c6f042aa,,med,
7461a900b8fd8ad1,2025-09-19T23:15:24Z,sec_edgar,https://www.sec.gov/Archives/edgar/data/1854795/000121390025089621/0001213900-25-089621-index.htm,8-K - INTEGRATED RAIL & RESOURCES ACQUISITION CORP (0001854795) (Filer),"Filed: 2025-09-19 AccNo: 0001213900-25-089621 Size: 276 KB
Item 3.03: Material Modifications to Rights of Security Holders
Item 5.03: Amendments to Articles of Incorporation or Bylaws; Change in Fiscal Year
Item 5.07: Submission of Matters to a Vote of Security Holders
Item 9.01: Financial Statements and Exhibits",[],"['3.03', '5.03', '5.07', '9.01']",security_holder_rights_change,[],[],[],0.7000000000000001,med,,,7461a900b8fd8ad1,,med,
5e744b2d5d99a77a,2025-09-19T23:15:24Z,sec_edgar,https://www.sec.gov/Archives/edgar/data/2077010/000149315225014265/0001493152-25-014265-index.htm,8-K - OTG Acquisition Corp. I (0002077010) (Filer),"Filed: 2025-09-19 AccNo: 0001493152-25-014265 Size: 450 KB
Item 8.01: Other Events
Item 9.01: Financial Statements and Exhibits",[],"['8.01', '9.01']",other_events,[],[],[],0.7000000000000001,med,,,5e744b2d5d99a77a,,med,
9e7f9562b8ff9c0d,2025-09-19T23:15:24Z,sec_edgar,https://www.sec.gov/Archives/edgar/data/1849737/000121390025089535/0001213900-25-089535-index.htm,8-K - Patria Latin American Opportunity Acquisition Corp. (0001849737) (Filer),"Filed: 2025-09-19 AccNo: 0001213900-25-089535 Size: 190 KB
Item 8.01: Other Events
Item 9.01: Financial Statements and Exhibits",[],"['8.01', '9.01']",other_events,[],[],[],0.7000000000000001,med,,,9e7f9562b8ff9c0d,,med,
a8a5aeed9cbdc614,2025-09-19T23:15:24Z,sec_edgar,https://www.sec.gov/Archives/edgar/data/1802450/000119312525209312/0001193125-25-209312-index.htm,"8-K - MSP Recovery, Inc. (0001802450) (Filer)","Filed: 2025-09-19 AccNo: 0001193125-25-209312 Size: 241 KB
Item 8.01: Other Events
Item 9.01: Financial Statements and Exhibits",[],"['8.01', '9.01']",other_events,['Equity'],[],['US'],0.665,med,,,a8a5aeed9cbdc614,0.55,med,
92d16d45889edcf8,2025-09-19T23:15:24Z,sec_edgar,https://www.sec.gov/Archives/edgar/data/1998043/000121465925013978/0001214659-25-013978-index.htm,8-K - Pearl Diver Credit Co Inc. (0001998043) (Filer),"Filed: 2025-09-19 AccNo: 0001214659-25-013978 Size: 673 KB
Item 8.01: Other Events
Item 9.01: Financial Statements and Exhibits",[],"['8.01', '9.01']",other_events,['Equity'],[],['US'],0.665,med,,,92d16d45889edcf8,0.55,med,
de6a039bbeaa7a3f,2025-09-19T23:15:24Z,sec_edgar,https://www.sec.gov/Archives/edgar/data/1710350/000121390025089644/0001213900-25-089644-index.htm,"8-K - Bit Digital, Inc (0001710350) (Filer)","Filed: 2025-09-19 AccNo: 0001213900-25-089644 Size: 193 KB
Item 8.01: Other Events
Item 9.01: Financial Statements and Exhibits",[],"['8.01', '9.01']",other_events,['Equity'],[],['US'],0.665,med,,,de6a039bbeaa7a3f,0.55,med,
2ecb95002bba4e20,2025-09-19T23:15:24Z,sec_edgar,https://www.sec.gov/Archives/edgar/data/1576873/000149315225014321/0001493152-25-014321-index.htm,8-K - AMERICAN BATTERY TECHNOLOGY Co (0001576873) (Filer),"Filed: 2025-09-19 AccNo: 0001493152-25-014321 Size: 244 KB
Item 8.01: Other Events
Item 9.01: Financial Statements and Exhibits",[],"['8.01', '9.01']",other_events,['Equity'],[],['US'],0.665,med,,,2ecb95002bba4e20,0.55,med,
1e66aaa72c904c4c,2025-09-19T23:15:24Z,sec_edgar,https://www.sec.gov/Archives/edgar/data/1533615/000110465925091732/0001104659-25-091732-index.htm,8-K - Global Medical REIT Inc. (0001533615) (Filer),"Filed: 2025-09-19 AccNo: 0001104659-25-091732 Size: 298 KB
Item 3.03: Material Modifications to Rights of Security Holders
Item 5.03: Amendments to Articles of Incorporation or Bylaws; Change in Fiscal Year
Item 7.01: Regulation FD Disclosure
Item 8.01: Other Events
Item 9.01: Financial Statements and Exhibits",[],"['3.03', '5.03', '7.01', '8.01', '9.01']",security_holder_rights_change,['Equity'],[],['US'],0.665,med,,,1e66aaa72c904c4c,0.55,med,
9fc9f96600268ae0,2025-09-19T23:15:24Z,sec_edgar,https://www.sec.gov/Archives/edgar/data/95953/000009595325000120/0000095953-25-000120-index.htm,8-K - ASCENT INDUSTRIES CO. (0000095953) (Filer),"Filed: 2025-09-19 AccNo: 0000095953-25-000120 Size: 165 KB
Item 8.01: Other Events",[],['8.01'],other_events,['Equity'],[],['US'],0.665,med,,,9fc9f96600268ae0,0.55,med,
bfafca368626947f,2025-09-18T09:00:01Z,CNBC,https://www.cnbc.com/2025/09/18/2025-hyundai-investor-event.html,"Hyundai adjusts full-year forecast, citing tariffs, ahead of investor day","Hyundai is increasing its revenue expectations for 2025, despite ongoing U.S. tariffs causing the automaker to lower its expected operating profit for the year.

NEW YORK Hyundai Motor is increasing its revenue expectations for this year, despite ongoing U.S. tariffs causing the automaker to lower its expected operating profit margin for 2025.
The new target… [+1643 chars]",['HYMTF'],[],geopolitics,[],[],[],0.6500000000000001,med,,,bfafca368626947f,,med,
702996c3de8c9f13,2025-09-19T23:15:24Z,sec_edgar,https://www.sec.gov/Archives/edgar/data/1533998/000110465925091718/0001104659-25-091718-index.htm,8-K - DarioHealth Corp. (0001533998) (Filer),"Filed: 2025-09-19 AccNo: 0001104659-25-091718 Size: 1 MB
Item 3.03: Material Modifications to Rights of Security Holders
Item 5.03: Amendments to Articles of Incorporation or Bylaws; Change in Fiscal Year
Item 9.01: Financial Statements and Exhibits",[],"['3.03', '5.03', '9.01']",security_holder_rights_change,[],[],[],0.65,med,,,702996c3de8c9f13,,med,
efdafed984ab493f,2025-09-19T23:15:24Z,sec_edgar,https://www.sec.gov/Archives/edgar/data/933136/000119312525209227/0001193125-25-209227-index.htm,8-K - Mr. Cooper Group Inc. (0000933136) (Filer),"Filed: 2025-09-19 AccNo: 0001193125-25-209227 Size: 152 KB
Item 8.01: Other Events
Item 9.01: Financial Statements and Exhibits",[],"['8.01', '9.01']",other_events,[],[],[],0.65,med,,,efdafed984ab493f,,med,
fbf856d7a6ce5c50,2025-09-19T23:15:24Z,sec_edgar,https://www.sec.gov/Archives/edgar/data/1796022/000179602225000072/0001796022-25-000072-index.htm,8-K - StepStone Group Inc. (0001796022) (Filer),"Filed: 2025-09-19 AccNo: 0001796022-25-000072 Size: 297 KB
Item 3.03: Material Modifications to Rights of Security Holders
Item 5.03: Amendments to Articles of Incorporation or Bylaws; Change in Fiscal Year
Item 9.01: Financial Statements and Exhibits",[],"['3.03', '5.03', '9.01']",security_holder_rights_change,[],[],[],0.65,med,,,fbf856d7a6ce5c50,,med,
281c03db84679f41,2025-09-19T23:15:24Z,sec_edgar,https://www.sec.gov/Archives/edgar/data/1062231/000110465925091700/0001104659-25-091700-index.htm,8-K - AMERICAN AXLE & MANUFACTURING HOLDINGS INC (0001062231) (Filer),"Filed: 2025-09-19 AccNo: 0001104659-25-091700 Size: 303 KB
Item 8.01: Other Events
Item 9.01: Financial Statements and Exhibits",[],"['8.01', '9.01']",other_events,[],[],[],0.65,med,,,281c03db84679f41,,med,
5dc46362ec35b825,2025-09-19T23:15:24Z,sec_edgar,https://www.sec.gov/Archives/edgar/data/1289419/000128941925000154/0001289419-25-000154-index.htm,"8-K - Morningstar, Inc. (0001289419) (Filer)","Filed: 2025-09-19 AccNo: 0001289419-25-000154 Size: 776 KB
Item 8.01: Other Events
Item 9.01: Financial Statements and Exhibits",[],"['8.01', '9.01']",other_events,[],[],[],0.65,med,,,5dc46362ec35b825,,med,
cf2e02df7f6ac4ea,2025-09-19T23:15:24Z,sec_edgar,https://www.sec.gov/Archives/edgar/data/2032020/000119312525209160/0001193125-25-209160-index.htm,8-K - EQT Private Equity Co LLC (0002032020) (Filer),"Filed: 2025-09-19 AccNo: 0001193125-25-209160 Size: 178 KB
Item 8.01: Other Events
Item 9.01: Financial Statements and Exhibits",[],"['8.01', '9.01']",other_events,[],[],[],0.65,med,,,cf2e02df7f6ac4ea,,med,
31f2adf0b780cd60,2025-09-19T23:15:24Z,sec_edgar,https://www.sec.gov/Archives/edgar/data/1842556/000121390025089567/0001213900-25-089567-index.htm,8-K - EON Resources Inc. (0001842556) (Filer),"Filed: 2025-09-19 AccNo: 0001213900-25-089567 Size: 244 KB
Item 8.01: Other Events",[],['8.01'],other_events,[],[],[],0.65,med,,,31f2adf0b780cd60,,med,
83586ca5a21c41a4,2025-09-19T23:15:24Z,sec_edgar,https://www.sec.gov/Archives/edgar/data/1959348/000119312525209144/0001193125-25-209144-index.htm,8-K - WK Kellogg Co (0001959348) (Filer),"Filed: 2025-09-19 AccNo: 0001193125-25-209144 Size: 154 KB
Item 5.07: Submission of Matters to a Vote of Security Holders
Item 8.01: Other Events",[],"['5.07', '8.01']",other_events,[],[],[],0.65,med,,,83586ca5a21c41a4,,med,
7df506bbc64cc4d3,2025-09-19T23:15:24Z,sec_edgar,https://www.sec.gov/Archives/edgar/data/935419/000162828025042175/0001628280-25-042175-index.htm,"8-K - RCI HOSPITALITY HOLDINGS, INC. (0000935419) (Filer)","Filed: 2025-09-19 AccNo: 0001628280-25-042175 Size: 194 KB
Item 8.01: Other Events
Item 9.01: Financial Statements and Exhibits",[],"['8.01', '9.01']",other_events,[],[],[],0.65,med,,,7df506bbc64cc4d3,,med,
4e618838e97b2c0f,2025-09-19T23:15:24Z,sec_edgar,https://www.sec.gov/Archives/edgar/data/1032208/000103220825000051/0001032208-25-000051-index.htm,8-K - SEMPRA (0001032208) (Filer),"Filed: 2025-09-19 AccNo: 0001032208-25-000051 Size: 807 KB
Item 8.01: Other Events",[],['8.01'],other_events,[],[],[],0.65,med,,,4e618838e97b2c0f,,med,
fe6d398b81961a73,2025-09-19T23:15:24Z,sec_edgar,https://www.sec.gov/Archives/edgar/data/86521/000103220825000051/0001032208-25-000051-index.htm,8-K - SAN DIEGO GAS & ELECTRIC CO (0000086521) (Filer),"Filed: 2025-09-19 AccNo: 0001032208-25-000051 Size: 807 KB
Item 8.01: Other Events",[],['8.01'],other_events,[],[],[],0.65,med,,,fe6d398b81961a73,,med,
9fa3a71810af3217,2025-09-19T23:15:24Z,sec_edgar,https://www.sec.gov/Archives/edgar/data/1835632/000119312525209108/0001193125-25-209108-index.htm,"8-K - Marvell Technology, Inc. (0001835632) (Filer)","Filed: 2025-09-19 AccNo: 0001193125-25-209108 Size: 147 KB
Item 8.01: Other Events
Item 9.01: Financial Statements and Exhibits",[],"['8.01', '9.01']",other_events,[],[],[],0.65,med,,,9fa3a71810af3217,,med,
fdd7f25d4cf906c2,2025-09-19T23:15:24Z,sec_edgar,https://www.sec.gov/Archives/edgar/data/96223/000114036125035569/0001140361-25-035569-index.htm,8-K - Jefferies Financial Group Inc. (0000096223) (Filer),"Filed: 2025-09-19 AccNo: 0001140361-25-035569 Size: 385 KB
Item 3.03: Material Modifications to Rights of Security Holders
Item 5.03: Amendments to Articles of Incorporation or Bylaws; Change in Fiscal Year
Item 9.01: Financial Statements and Exhibits",[],"['3.03', '5.03', '9.01']",security_holder_rights_change,[],[],[],0.65,med,,,fdd7f25d4cf906c2,,med,
229b4858d7c0121a,2025-09-19T23:15:24Z,sec_edgar,https://www.sec.gov/Archives/edgar/data/1851322/000119312525209088/0001193125-25-209088-index.htm,8-K - North Haven Private Income Fund LLC (0001851322) (Filer),"Filed: 2025-09-19 AccNo: 0001193125-25-209088 Size: 134 KB
Item 8.01: Other Events",[],['8.01'],other_events,[],[],[],0.65,med,,,229b4858d7c0121a,,med,
2f7877327a06d9a9,2025-09-19T23:15:24Z,sec_edgar,https://www.sec.gov/Archives/edgar/data/1729997/000119312525209085/0001193125-25-209085-index.htm,8-K - Grayscale CoinDesk Crypto 5 ETF (0001729997) (Filer),"Filed: 2025-09-19 AccNo: 0001193125-25-209085 Size: 178 KB
Item 8.01: Other Events",[],['8.01'],other_events,[],[],[],0.65,med,,,2f7877327a06d9a9,,med,
ce3e74c36045f4fc,2025-09-19T23:15:24Z,sec_edgar,https://www.sec.gov/Archives/edgar/data/1403161/000140316125000058/0001403161-25-000058-index.htm,8-K - VISA INC. (0001403161) (Filer),"Filed: 2025-09-19 AccNo: 0001403161-25-000058 Size: 657 KB
Item 8.01: Other Events",[],['8.01'],other_events,[],[],[],0.65,med,,,ce3e74c36045f4fc,,med,
